registro_id,data_hora_utc,eixo,base_ou_indice,consulta_exata,filtros,registros_informados,duplicatas_removidas,titulos_resumos_avaliados,textos_em_integra_avaliados,incluidos,motivos_exclusao_texto_integral,versao_criterios,responsavel,observacoes
ARA-LIT-20260817-001,2026-08-17T03:47:24Z,gênero e segmentação discursiva,Crossref API,genre as social action discourse segmentation text comprehension,"query.bibliographic; rows=10; campos DOI título autoria publicação; sem filtro temporal idioma ou tipo",4448364,0,10,0,0,nenhum (0),ARA-LIT-1,revisão-documental,"Triagem apenas dos dez títulos retornados; a API não forneceu resumos; o recorte não recuperou o artigo original de 1984 e nenhuma inclusão foi atribuída a esta consulta."
ARA-LIT-20260817-002,2026-08-17T03:47:24Z,leitura móvel e movimento do texto,Crossref API,mobile reading screen size text movement scrolling,"query.bibliographic; rows=10; campos DOI título autoria publicação; sem filtro temporal idioma ou tipo",1910279,0,10,0,1,nenhum (0),ARA-LIT-1,revisão-documental,"Triagem apenas dos dez títulos retornados; a API não forneceu resumos; Haverkamp et al. (2023) foi recuperado e incluído após conferência bibliográfica já disponível."
ARA-LIT-20260817-003,2026-08-17T03:47:25Z,atenção engajamento e validade,Crossref API,external internal attention behavioral engagement measurement validity,"query.bibliographic; rows=10; campos DOI título autoria publicação; sem filtro temporal idioma ou tipo",2536817,0,10,0,0,nenhum (0),ARA-LIT-1,revisão-documental,"Triagem apenas dos dez títulos retornados; a API não forneceu resumos; os resultados foram dominados por validade interna e externa e não atenderam à pergunta específica."
ARA-LIT-20260817-004,2026-08-17T03:47:25Z,relações entre texto e imagem,Crossref API,multiple representations text picture relations learning,"query.bibliographic; rows=10; campos DOI título autoria publicação; sem filtro temporal idioma ou tipo",4402962,0,10,0,1,nenhum (0),ARA-LIT-1,revisão-documental,"Triagem apenas dos dez títulos retornados; a API não forneceu resumos; Richter et al. (2016) foi recuperado e incluído após conferência bibliográfica já disponível."
ARA-LIT-20260817-005,2026-08-17T03:47:26Z,validade de medidas educacionais,Crossref API,educational measurement validity metric indicator outcome,"query.bibliographic; rows=10; campos DOI título autoria publicação; sem filtro temporal idioma ou tipo",2223206,0,10,0,0,nenhum (0),ARA-LIT-1,revisão-documental,"Triagem apenas dos dez títulos retornados; a API não forneceu resumos; o recorte foi dominado por estudos sobre um instrumento específico e não sustentou inclusão."
ARA-LIT-20260817-006,2026-08-17T03:47:27Z,flashcards e recuperação,Crossref API,flashcards retrieval cue response education systematic review,"query.bibliographic; rows=10; campos DOI título autoria publicação; sem filtro temporal idioma ou tipo",12374867,0,10,0,0,nenhum (0),ARA-LIT-1,revisão-documental,"Triagem apenas dos dez títulos retornados; a API não forneceu resumos; o recorte combinou usos não educacionais de retrieval e não sustentou inclusão."
ARA-LIT-20260817-007,2026-08-17T04:59:41Z,desenho experimental e validade causal,Catálogo oficial Cengage,"Experimental and Quasi-Experimental Designs for Generalized Causal Inference 9780395615560","página oficial da editora; correspondência exata por título e ISBN; sem avaliação do texto integral",1,0,1,0,1,nenhum (0),ARA-LIT-1,revisão-documental,"Metadados de autoria, título, edição, ano e ISBN conferidos na página oficial. Inclusão limitada à fundamentação de desenho experimental e validade causal; o texto integral não foi avaliado e a referência não implica que um schema técnico garanta um experimento."
ARA-LIT-20260817-008,2026-08-17T10:28:39Z,coautoria humano-IA de material educacional,Busca web integrada,"VIVID Human-AI collaborative authoring educational dialogues instructors DOI","sem filtro temporal ou de idioma; busca exata por título e tema; resultado primário da ACM priorizado",não informado,0,1,0,1,nenhum (0),ARA-LIT-1,revisão-documental,"O registro da ACM recuperou resumo, método, autoria e DOI do VIVID; metadados bibliográficos foram conferidos depois pela Crossref. A inclusão sustenta somente planejamento intermediário editável e colaboração situada, não eficácia geral nem quantidade de Partes."
ARA-LIT-20260817-009,2026-08-17T10:28:39Z,planejamento docente com IA em contexto móvel e de poucos recursos,Busca web integrada,"Shiksha Copilot teacher AI collaboration lesson plans low-resource schools DOI","sem filtro temporal ou de idioma; busca exata por título e tema; resultado primário da ACM priorizado",não informado,0,1,0,1,nenhum (0),ARA-LIT-1,revisão-documental,"O registro da ACM recuperou resumo, contexto, amostra e DOI do Shiksha Copilot; metadados bibliográficos foram conferidos depois pela Crossref. A inclusão não generaliza o estudo para todo contexto, não valida a Parte e não demonstra efeito de aprendizagem."
ARA-LIT-20260817-010,2026-08-17T14:18:20Z,granularidade de unidades de análise e alinhamento instrucional,Wiley Online Library,"The Knowledge-Learning-Instruction Framework 10.1111/j.1551-6709.2012.01245.x","página primária do periódico; título e DOI exatos; resumo e seções conceituais avaliados; sem nova busca por data ou idioma",1,0,1,0,1,nenhum (0),ARA-LIT-1,revisão-parametros-122,"A fonte fundamenta decomposição explícita e dependência entre tipo de conhecimento e escolha instrucional. Não fornece o default numérico do AraLearn, não valida a unidade de análise instrucional como knowledge component e não autoriza inferir aprendizagem."
ARA-LIT-20260817-011,2026-08-17T14:18:20Z,coerência textual conhecimento prévio e elaboração,Discourse Processes,"Learning from texts effects of prior knowledge and text coherence 10.1080/01638539609544975","página primária do periódico; título e DOI exatos; resumo avaliado; sem nova busca por data ou idioma",1,0,1,0,1,nenhum (0),ARA-LIT-1,revisão-parametros-122,"Os experimentos sustentam tratar coerência e inferência em relação ao conhecimento prévio, não como função do comprimento. A inclusão não transforma as quatro formas explicativas do produto em checklist universal nem estabelece um teto ótimo de novidades."
ARA-LIT-20260817-012,2026-08-17T14:18:20Z,prática distribuída e variação semântica,PubMed e Wiley Online Library,"Spacing effects in learning 10.1111/j.1467-9280.2008.02209.x; The effects of interleaved practice 10.1002/acp.1598","registros primários por DOI; resumos, método e limites do domínio avaliados; sem filtro temporal ou de idioma",2,0,2,0,2,nenhum (0),ARA-LIT-1,revisão-parametros-122,"As fontes sustentam distinguir oportunidades e condições de prática e não contar repetição cosmética como variação. Não determinam o default 2, não garantem transferência para todo conteúdo e não justificam tratar espaçamento ou intercalação como uma única intensidade universal."
ARA-LIT-20260817-013,2026-08-17T14:18:20Z,função e coordenação de representações externas,Repositório institucional da University of Nottingham,"DeFT A conceptual framework for considering learning with multiple representations 10.1016/j.learninstruc.2006.03.001","registro institucional do artigo revisado por pares; título DOI resumo e metadados conferidos; sem filtro temporal ou de idioma",1,0,1,0,1,nenhum (0),ARA-LIT-1,revisão-parametros-122,"A fonte sustenta selecionar representações por função, desenho e tarefa de coordenação, e não pela quantidade. Não demonstra que preferir ou permitir um package específico produz aprendizagem nem converte política de componentes em parâmetro pedagógico."
ARA-LIT-20260825-014,2026-08-25T04:07:02Z,aprendizagem no trabalho,Busca web integrada,"site:sciencedirect.com workplace learning review Tynjälä 2008 Perspectives into learning at the workplace DOI","sem filtro temporal ou de idioma; domínio da editora priorizado",não informado,0,1,0,1,nenhum (0),ARA-LIT-1,revisão-documental-183,"A página da editora forneceu metadados e resumo de Tynjälä (2008). A inclusão sustenta somente que a aprendizagem no trabalho pode ser formal ou informal, ocorre em níveis diferentes e varia entre ambientes; o texto integral não foi avaliado e a fonte não demonstra adequação do AraLearn ao trabalho."
ARA-LIT-20260825-015,2026-08-25T04:07:02Z,gestão do conhecimento,Busca web integrada,"site:misq.org OR site:journals.sagepub.com knowledge management systems conceptual foundations research issues Alavi Leidner 2001 DOI","sem filtro temporal ou de idioma; domínios de periódicos priorizados",não informado,0,0,0,0,nenhum (0),ARA-LIT-1,revisão-documental-183,"A consulta não recuperou a fonte-alvo em resultado avaliável; foi substituída pela consulta exata ARA-LIT-20260825-017."
ARA-LIT-20260825-016,2026-08-25T04:07:02Z,educação profissional e tecnológica,Busca web integrada,"site:unesco.org Recommendation concerning Technical and Vocational Education and Training 2015 workplace learning","sem filtro temporal ou de idioma; fontes oficiais da UNESCO priorizadas",não informado,0,1,0,0,nenhum (0),ARA-LIT-1,revisão-documental-183,"A consulta localizou o instrumento normativo e páginas institucionais relacionadas; a seleção foi atribuída à reexecução exata ARA-LIT-20260825-020, depois da leitura do texto oficial."
ARA-LIT-20260825-017,2026-08-25T04:07:13Z,gestão do conhecimento,Busca web integrada,"""Knowledge Management and Knowledge Management Systems"" Alavi Leidner 2001 DOI","sem filtro temporal ou de idioma; correspondência exata por título e DOI",não informado,0,1,0,1,nenhum (0),ARA-LIT-1,revisão-documental-183,"O registro primário do MIS Quarterly forneceu autoria, paginação, DOI e resumo. A inclusão sustenta somente a distinção entre processos organizacionais de criação, transferência e aplicação do conhecimento e o apoio possível de sistemas de informação; o texto integral não foi avaliado."
ARA-LIT-20260825-018,2026-08-25T04:07:13Z,gestão do conhecimento,Busca web integrada,"site:jstor.org/stable/3250961 Alavi Leidner knowledge management","sem filtro temporal ou de idioma; registro exato do JSTOR",não informado,1,0,0,0,nenhum (0),ARA-LIT-1,revisão-documental-183,"O resultado correspondia ao mesmo DOI já selecionado em ARA-LIT-20260825-017 e foi removido como duplicata."
ARA-LIT-20260825-019,2026-08-25T04:07:13Z,aprendizagem no trabalho,Busca web integrada,"site:emerald.com ""Learning through work"" Billett 2001 workplace affordances individual engagement DOI","sem filtro temporal ou de idioma; domínio da editora priorizado",não informado,0,1,0,0,nenhum (0),ARA-LIT-1,revisão-documental-183,"A consulta não recuperou a fonte primária de 2001; o resultado posterior que a citava não foi usado como substituto e nenhuma inclusão foi feita."
ARA-LIT-20260825-020,2026-08-25T04:07:54Z,educação profissional e tecnológica,Busca web integrada,"site:unesdoc.unesco.org ""Recommendation concerning technical and vocational education and training"" 2015 pdf UNESCO","sem filtro temporal ou de idioma; instrumento normativo oficial priorizado",não informado,0,1,1,1,nenhum (0),ARA-LIT-1,revisão-documental-183,"A consulta foi reexecutada porque a primeira tentativa localizadora da mesma expressão não teve horário capturado; nenhuma seleção foi atribuída à tentativa inicial. O registro UNESCO pf0000245178 foi localizado e o texto oficial integral foi lido na página de Assuntos Jurídicos da UNESCO. A recomendação delimita TVET como educação, formação e desenvolvimento de competências para campos ocupacionais e inclui aprendizagem no trabalho, formação continuada e desenvolvimento profissional; ela é norma, não evidência de eficácia do AraLearn."
ARA-LIT-20260825-021,2026-08-25T04:53:22Z,polaridade de tela e revisão de texto,Busca web integrada,"10.1080/00140139.2014.948496 Piepenbrock polarity display abstract","sem filtro temporal ou de idioma; busca por DOI e título; horário capturado imediatamente após a execução agrupada",não informado,0,1,0,1,nenhum (0),ARA-LIT-1,revisão-documental-185,"O registro PubMed forneceu metadados e resumo de Piepenbrock et al. (2014). O estudo comparou polaridades numa tarefa específica de revisão de texto e encontrou melhor desempenho e pupilas menores com polaridade positiva; o texto integral não foi avaliado. A entrada já existia no .bib e foi selecionada para restaurar somente a interpretação situada, não uma superioridade universal do tema claro."
ARA-LIT-20260825-022,2026-08-25T04:53:22Z,modo de cor contraste e fadiga visual,Busca web integrada,"10.1109/ACCESS.2021.3061770 Xie display color mode luminance contrast visual fatigue","sem filtro temporal ou de idioma; busca por DOI e título; horário capturado imediatamente após a execução agrupada",não informado,0,1,0,1,nenhum (0),ARA-LIT-1,revisão-documental-185,"A consulta localizou metadados no DOAJ e no DBLP, sem evidência substantiva suficiente. A entrada já existia no .bib; a seleção substantiva foi confirmada depois na fonte primária oficial registrada em ARA-LIT-20260825-025."
ARA-LIT-20260825-023,2026-08-25T04:53:22Z,exemplos resolvidos e autoexplicação,Busca web integrada,"10.1016/S0959-4752(01)00030-5 Renkl worked-out examples self-explanations abstract","sem filtro temporal ou de idioma; página primária da editora priorizada; horário capturado imediatamente após a execução agrupada",não informado,0,1,0,1,nenhum (0),ARA-LIT-1,revisão-documental-185,"A página da ScienceDirect forneceu metadados, resumo e trechos de seções, não o texto integral. Renkl (2002) estudou 48 estudantes de formação docente em probabilidade e encontrou apoio de explicações instrucionais sob condições delimitadas, além de déficits de uso. A entrada já existia no .bib e foi selecionada para restaurar a relação situada entre explicações e autoexplicação."
ARA-LIT-20260825-024,2026-08-25T04:53:22Z,autonomia e estrutura educacional,Busca web integrada,"9786555480337 Pedagogia da autonomia 2021 Paz e Terra","sem filtro temporal ou de idioma; busca por ISBN e edição; horário capturado imediatamente após a execução agrupada",não informado,0,1,0,0,nenhum (0),ARA-LIT-1,revisão-documental-185,"A consulta recuperou somente metadados comerciais compatíveis com a edição de 2021 da Paz e Terra; nenhum texto substantivo foi avaliado. A fonte não foi selecionada para sustentar a formulação corrente sobre autonomia, que já depende de literatura teórica e empírica diretamente auditada."
ARA-LIT-20260825-025,2026-08-25T04:53:43Z,modo de cor contraste e fadiga visual,Busca web integrada,"site:ieeexplore.ieee.org/document ""Study on the Effects of Display Color Mode and Luminance Contrast on Visual Fatigue""","sem filtro temporal ou de idioma; fonte primária oficial do IEEE priorizada; horário capturado imediatamente após a execução agrupada",não informado,0,1,0,1,nenhum (0),ARA-LIT-1,revisão-documental-185,"O resumo oficial do IEEE Xplore e os metadados foram avaliados; o texto integral não foi lido. O experimento 2×6 ocorreu à noite, sob baixa iluminação da tela e do ambiente: o modo escuro apresentou menores marcadores objetivos de fadiga, o claro maior preferência subjetiva e o maior contraste foi preferido. A fonte sustenta controle do usuário e interpretação dependente do contexto, não superioridade universal de um modo."
ARA-LIT-20260825-026,2026-08-25T04:53:43Z,modo de cor contraste e fadiga visual,Busca web integrada,"site:ieee.org ""Study on the Effects of Display Color Mode and Luminance Contrast on Visual Fatigue""","sem filtro temporal ou de idioma; domínio oficial do IEEE; horário capturado imediatamente após a execução agrupada",não informado,1,0,0,0,nenhum (0),ARA-LIT-1,revisão-documental-185,"A consulta recuperou a mesma publicação já selecionada em ARA-LIT-20260825-025 e foi tratada como confirmação duplicada, sem nova inclusão."
ARA-LIT-20260825-027,2026-08-25T04:55:31Z,ética de pesquisa com participantes humanos,Busca web integrada,"site:gov.br/conselho-nacional-de-saude Resolução 510 2016 pesquisa ciências humanas consentimento retirada participantes texto integral","sem filtro temporal ou de idioma; fonte normativa oficial brasileira priorizada",não informado,0,1,1,1,nenhum (0),ARA-LIT-1,revisão-documental-185,"O texto oficial integral da Resolução CNS nº 510/2016 foi lido no Conselho Nacional de Saúde e constava como Em Vigor. A norma sustenta consentimento ou assentimento livre e esclarecido, privacidade e confidencialidade, retirada sem prejuízo e proteção diante de riscos e danos em pesquisas de Ciências Humanas e Sociais; ela não demonstra validade, usabilidade ou eficácia educacional."
ARA-LIT-20260825-028,2026-08-25T05:01:30.5749758Z,IA generativa e resultados educacionais,Busca web integrada,"2024 2025 systematic review generative AI education learning outcomes hallucination human oversight heterogeneity DOI","sem filtro temporal ou de idioma; busca diagnóstica por sínteses recentes; páginas primárias de periódicos priorizadas",não informado,0,2,0,2,nenhum (0),ARA-LIT-1,revisor-bibliografico-185,"Foram avaliados metadados e resumos da editora, não textos integrais. A consulta recuperou, entre outros resultados, Han et al. (2025), DOI 10.1016/j.edurev.2025.100714, e Chen e Cheung (2025), DOI 10.1016/j.edurev.2025.100737. As duas sínteses foram selecionadas para explicitar heterogeneidade, moderadores, limites metodológicos e resultados nulos por dimensão; a seleção substantiva foi confirmada pelas consultas exatas ARA-LIT-20260825-029 e 030."
ARA-LIT-20260825-029,2026-08-25T05:03:52.454Z,IA generativa e resultados educacionais,Busca web integrada,"site:sciencedirect.com/science/article 10.1016/j.edurev.2025.100714 generative AI education meta-analysis","sem filtro temporal ou de idioma; fonte primária oficial da editora; horário capturado imediatamente após a execução agrupada",não informado,0,1,0,1,nenhum (0),ARA-LIT-1,revisão-documental-185,"A página da ScienceDirect forneceu metadados, resumo, destaques e trechos da publicação, não leitura integral. A meta-análise reuniu 68 estudos experimentais ou quase experimentais e 337 tamanhos de efeito, com efeito agregado positivo e heterogeneidade substancial (I²=95%); nível educacional, área, duração e tamanho amostral moderaram os resultados. A fonte limita generalizações e não demonstra efeito do AraLearn."
ARA-LIT-20260825-030,2026-08-25T05:03:52.454Z,IA generativa e resultados educacionais,Busca web integrada,"site:sciencedirect.com/science/article 10.1016/j.edurev.2025.100737 generative AI education meta-analysis","sem filtro temporal ou de idioma; fonte primária oficial da editora; horário capturado imediatamente após a execução agrupada",não informado,0,1,0,1,nenhum (0),ARA-LIT-1,revisão-documental-185,"A página da ScienceDirect forneceu metadados, resumo, destaques e trechos da publicação, não leitura integral. A meta-análise sintetizou 57 estudos e 97 estimativas em estudantes universitários; encontrou resultados positivos em algumas dimensões, efeito não estatisticamente significativo em metacognição e moderadores de pessoa, ferramenta, regra, contexto e medida. A fonte explicita heterogeneidade e não demonstra efeito do AraLearn."
ARA-LIT-20260825-031,2026-08-25T05:02:16.3997733Z,interrupção e retomada,Crossref API,"GET https://api.crossref.org/works/10.1037%2Fxlm0000251","consulta por DOI exato; sem filtros; somente metadados",1,0,1,0,1,nenhum (0),ARA-LIT-1,revisor-bibliografico-185,"O registro confirmou identidade, ano 2016, volume 42, número 9 e páginas 1480–1488 de Foroughi et al. Crossref foi usado somente para metadados; nenhum resumo ou texto integral foi lido nessa chamada."
ARA-LIT-20260825-032,2026-08-25T05:02:17.0692709Z,dependência excessiva em IA,Crossref API,"GET https://api.crossref.org/works/10.1145%2F3449287","consulta por DOI exato; sem filtros; somente metadados",1,0,1,0,1,nenhum (0),ARA-LIT-1,revisor-bibliografico-185,"O registro confirmou identidade, ano 2021, volume 5, número CSCW1 e páginas 1–21 de Buçinca et al. Crossref foi usado somente para metadados; nenhum resumo ou texto integral foi lido nessa chamada."
ARA-LIT-20260825-033,2026-08-25T05:03:52.454Z,IA generativa e resultados educacionais,Crossref API,"GET https://api.crossref.org/works/10.1016%2Fj.edurev.2025.100714","consulta por DOI exato; sem filtros; somente metadados; horário capturado imediatamente após duas consultas agrupadas",1,0,1,0,1,nenhum (0),ARA-LIT-1,revisão-documental-185,"O registro confirmou título, autoria, Educational Research Review, volume 48, artigo 100714 e publicação em 2025 de Han et al. Crossref foi usado somente para identidade e metadados, não para método ou resultados."
ARA-LIT-20260825-034,2026-08-25T05:03:52.454Z,IA generativa e resultados educacionais,Crossref API,"GET https://api.crossref.org/works/10.1016%2Fj.edurev.2025.100737","consulta por DOI exato; sem filtros; somente metadados; horário capturado imediatamente após duas consultas agrupadas",1,0,1,0,1,nenhum (0),ARA-LIT-1,revisão-documental-185,"O registro confirmou título, autoria, Educational Research Review, volume 49, artigo 100737 e publicação em 2025 de Chen e Cheung. Crossref foi usado somente para identidade e metadados, não para método ou resultados."
ARA-LIT-20260825-035,2026-08-25T05:18:11.7670979Z,ética de pesquisa com participantes humanos,Busca web integrada,"site:gov.br/conselho-nacional-de-saude Resolução CNS nº 510 de 7 de abril de 2016 texto integral","sem filtro temporal ou de idioma; fonte normativa oficial brasileira priorizada",não informado,1,1,0,0,nenhum (0),ARA-LIT-1,revisão-documental-185,"A consulta confirmou a página oficial corrente do Conselho Nacional de Saúde, o estado Em Vigor e o PDF da Resolução nº 510/2016. O texto integral já havia sido lido e a fonte selecionada em ARA-LIT-20260825-027; esta reexecução foi tratada como confirmação duplicada, sem alegar nova leitura integral ou nova inclusão."
ARA-LIT-20260825-036,2026-08-25T05:18:41.1125196Z,desenvolvimento docente e IA generativa,Busca web integrada,"10.1016/j.tate.2025.105236 Tan generative AI teachers review repair authoring abstract","sem filtro temporal ou de idioma; busca por DOI exato; fonte primária da editora priorizada",não informado,0,1,0,0,nenhum (0),ARA-LIT-1,revisão-documental-185,"A consulta recuperou metadados e resumo em índices secundários, além do sumário do volume na ScienceDirect. A revisão de escopo de Tan (2025) sintetiza 22 estudos, com pouca representação de docentes em exercício, amostras pequenas e intervenções de 4 a 16 semanas. Como a página primária do artigo não foi avaliada nesta consulta, a fonte permaneceu candidata e nenhuma inclusão substantiva foi atribuída a este registro."
ARA-LIT-20260825-037,2026-08-25T05:18:41.1125196Z,trabalho docente de revisão e reparo com IA generativa,Busca web integrada,"10.1080/17439884.2025.2537959 Selwyn Ljungqvist Sonesson teachers generative AI abstract","sem filtro temporal ou de idioma; busca por DOI exato; fonte primária do periódico priorizada",não informado,0,1,0,1,nenhum (0),ARA-LIT-1,revisão-documental-185,"A página e o PDF primários forneceram metadados, resumo e trechos de método e resultados, não leitura integral. O estudo qualitativo entrevistou 57 docentes de oito escolas na Austrália e na Suécia e descreveu conferência, validação, julgamento, edição, reorganização, reescrita, rejeição e reconstrução de saídas de IA. A fonte foi selecionada para confrontar promessas de economia de trabalho e autoria assistida sem generalizar além desses contextos e relatos."
ARA-LIT-20260825-038,2026-08-25T05:19:10.3026956Z,heterogeneidade da colaboração entre pessoas e IA,Busca web integrada,"10.1038/s41562-024-02024-1 Vaccaro Almaatouq Malone human AI combinations meta-analysis abstract","sem filtro temporal ou de idioma; busca por DOI exato; fonte primária do periódico priorizada",não informado,0,1,0,1,nenhum (0),ARA-LIT-1,revisão-documental-185,"A página primária aberta forneceu metadados, resumo e trechos de método, resultados e discussão, não leitura integral. A revisão sistemática e meta-análise pré-registrada reuniu 106 experimentos e 370 tamanhos de efeito: combinações pessoa–IA tiveram desempenho médio inferior ao melhor desempenho isolado, com perdas em tarefas de decisão e resultado positivo não significativo nas tarefas de criação; os desenhos variaram e havia possível viés de publicação. A fonte foi selecionada para sustentar heterogeneidade e limites, não para predizer o desempenho do AraLearn."
ARA-LIT-20260825-039,2026-08-25T05:19:10.3026956Z,colaboração entre pessoas e IA em escrita,Busca web integrada,"10.18653/v1/2024.emnlp-main.1088 Wang human AI collaborative writing education abstract","sem filtro temporal ou de idioma; busca por DOI exato; fonte primária da ACL Anthology priorizada",não informado,0,0,0,0,nenhum (0),ARA-LIT-1,revisão-documental-185,"A consulta não recuperou o registro primário correspondente ao DOI e os resultados laterais não foram usados como substituto. Nenhuma avaliação substantiva ou inclusão foi atribuída a esta busca."
ARA-LIT-20260825-040,2026-08-25T05:19:37.9238265Z,confiança em automação e dependência apropriada,Busca web integrada,"10.1518/hfes.46.1.50_30392 Lee See trust automation appropriate reliance abstract","sem filtro temporal ou de idioma; busca por DOI exato; fonte primária do periódico priorizada",não informado,0,1,0,1,nenhum (0),ARA-LIT-1,revisão-documental-185,"A página primária forneceu metadados e resumo, não leitura integral. A revisão de Lee e See (2004) trata confiança como influência sobre a dependência de automação imperfeita e relaciona a adequação dessa dependência ao contexto, às características do sistema e a processos cognitivos. A fonte foi selecionada para definir confiança calibrada como correspondência situada entre confiança, capacidade observada e decisão de depender, sem transformá-la em propriedade da interface."
ARA-LIT-20260825-041,2026-08-25T05:19:37.9238265Z,viés de automação e complacência,Busca web integrada,"10.1177/0018720810376055 Parasuraman Manzey complacency automation bias review abstract","sem filtro temporal ou de idioma; busca por DOI exato; registro PubMed e fonte primária priorizados",não informado,0,1,0,1,nenhum (0),ARA-LIT-1,revisão-documental-185,"O registro PubMed forneceu metadados, resumo, volume 52, número 3 e páginas 381–410; trechos do artigo primário foram localizados, sem leitura integral. A revisão integra estudos sobre complacência e viés de automação e atribui papel central à atenção. A fonte foi selecionada para delimitar o risco de uso e monitoramento inadequados sem presumir que todo aceite de sugestão decorra do mesmo mecanismo."
ARA-LIT-20260825-042,2026-08-25T05:20:14.0386872Z,alucinação e factualidade na geração de linguagem,Busca web integrada,"10.1145/3571730 survey hallucination natural language generation Ji 2023 abstract","sem filtro temporal ou de idioma; busca por DOI exato; fonte primária da ACM priorizada",não informado,0,1,0,1,nenhum (0),ARA-LIT-1,revisão-documental-185,"A página primária da ACM forneceu metadados, resumo e síntese das categorias, métricas, mitigação e limites por tarefa, sem leitura integral. A revisão distingue alucinações intrínsecas e extrínsecas, descreve causas e mostra que detecção e mitigação variam entre sumarização, diálogo, resposta a perguntas, dados para texto e tradução. A fonte foi selecionada para sustentar a persistência e a dependência da tarefa dos erros de geração; Lewis et al. (2020) permanece reservado à definição de RAG."
ARA-LIT-20260825-043,2026-08-25T05:20:47.3623393Z,IA generativa e resultados educacionais,Crossref API,"GET https://api.crossref.org/works/10.1016%2Fj.edurev.2025.100714","consulta por DOI exato; sem filtros; somente metadados",1,1,1,0,0,nenhum (0),ARA-LIT-1,revisão-documental-185,"A reexecução confirmou Xiaoli Han, Hongchao Peng e Mingzhuo Liu, o título, Educational Research Review, volume 48, artigo 100714 e publicação em 2025. A fonte já havia sido selecionada em ARA-LIT-20260825-029 e confirmada em 033; esta linha registra somente a nova chamada de metadados, tratada como duplicata."
ARA-LIT-20260825-044,2026-08-25T05:20:47.3623393Z,IA generativa e resultados educacionais,Crossref API,"GET https://api.crossref.org/works/10.1016%2Fj.edurev.2025.100737","consulta por DOI exato; sem filtros; somente metadados",1,1,1,0,0,nenhum (0),ARA-LIT-1,revisão-documental-185,"A reexecução confirmou Shuzhen Chen e Alan C. K. Cheung, o título, Educational Research Review, volume 49, artigo 100737 e publicação em 2025. A fonte já havia sido selecionada em ARA-LIT-20260825-030 e confirmada em 034; esta linha registra somente a nova chamada de metadados, tratada como duplicata."
ARA-LIT-20260907-341-R1,2026-09-07T22:11:44Z,explicações instrucionais e exemplos,Busca web integrada,"""Worked-out examples: instructional explanations support learning by self-explanations"" ""learning"" ""principles""",domains=sciencedirect.com; sem filtro temporal ou idioma,não informado,0,1,0,1,não houve exclusão por integral; abertura direta 403,ARA-LIT-1,revisão-documental,Hora de REGISTRO da leitura; instante individual da consulta não preservado. Resumo e trechos de introdução/método/resultados/discussão recuperados do índice da editora; não leitura integral.  reutiliza renkl2002learning.
ARA-LIT-20260907-341-R2,2026-09-07T22:11:44Z,equilíbrio de assistência,Springer Nature Link,https://link.springer.com/article/10.1007/s10648-007-9049-0,abertura direta por DOI; sem filtro temporal ou idioma,1,0,1,0,1,não houve exclusão por integral; prévia de assinatura,ARA-LIT-1,revisão-documental,Hora de REGISTRO da leitura; instante individual da consulta não preservado. Resumo e notas expostas; problema aberto de assistência em tutores cognitivos. Não prova de overlay ou tamanho universal.
ARA-LIT-20260907-341-R3,2026-09-07T22:11:44Z,conhecimento prévio e instrução,Springer Nature Link,https://link.springer.com/article/10.1007/s10648-007-9054-3,abertura direta por DOI; sem filtro temporal ou idioma,1,0,1,0,1,não houve exclusão por integral; prévia de assinatura,ARA-LIT-1,revisão-documental,Hora de REGISTRO da leitura; instante individual da consulta não preservado. Somente resumo/metadados; não prescreve adaptação por clique.  reutiliza kalyuga2007expertisereversal.
ARA-LIT-20260907-341-R4,2026-09-07T22:11:44Z,segmentação de instrução,Springer Nature Link,https://link.springer.com/article/10.1007/s10648-018-9456-4,abertura direta por DOI; sem filtro temporal ou idioma,1,0,1,0,1,não houve exclusão por integral; prévia de assinatura,ARA-LIT-1,revisão-documental,Hora de REGISTRO da leitura; instante individual da consulta não preservado. Resumo/metadados da meta-análise; aumento de tempo e moderador de conhecimento prévio preservados como limites. Não fornece tamanho ideal.  reutiliza rey2019segmenting.
ARA-LIT-20260907-341-R5,2026-09-07T22:11:44Z,busca de ajuda,PDF de coautor na Carnegie Mellon University,https://www.cs.cmu.edu/~bmclaren/pubs/AlevenEtAl-TowardMetaCognitiveTutoring-IJAIED2006.pdf,abertura direta; trechos selecionados; sem filtro temporal ou idioma,1,0,1,0,1,não houve exclusão; leitura focal de PDF disponível,ARA-LIT-1,revisão-documental,Hora de REGISTRO da leitura; instante individual da consulta não preservado. PDF lido por trechos nas páginas 1 e 19–26; não integral. Análise observacional e piloto pequeno não demonstram eficácia do AraLearn. Localizador usa PDF lido; paginação bibliográfica conferida separadamente.
ARA-LIT-20260907-341-R6,2026-09-07T22:11:44Z,conjectura de design,PDF do artigo de Sandoval,https://computationalliteracies.net/publications/sandoval-2014-conjecture/sandoval_2014_conjecture.pdf,abertura direta; trechos selecionados; sem filtro temporal ou idioma,1,0,1,0,1,não houve exclusão; leitura focal de PDF disponível,ARA-LIT-1,revisão-documental,Hora de REGISTRO da leitura; instante individual da consulta não preservado. Páginas impressas 18–24; não integral. Fonte metodológica para separar desenho/processos/resultados; não resultado de aprendizagem.
ARA-LIT-20260907-341-M1,2026-09-07T22:12:20.4757787Z,metadados de referência de assistência,Crossref API,https://api.crossref.org/works/10.1007%2Fs10648-007-9049-0,consulta direta por DOI; campos bibliográficos,1,0,0,0,0,não aplicável,ARA-LIT-1,revisão-documental,Timestamp observado imediatamente antes da requisição. Conferência de autores/título/periódico/volume/número/páginas/DOI; sem leitura de conteúdo e sem nova inclusão. Complementa R2.
ARA-LIT-20260907-341-M2,2026-09-07T22:12:21.2385229Z,metadados de referência de busca de ajuda,Crossref API,https://api.crossref.org/works/10.3233%2FIRG-2006-16%282%2902,consulta direta por DOI; campos bibliográficos,1,0,0,0,0,não aplicável,ARA-LIT-1,revisão-documental,Timestamp observado imediatamente antes da requisição. A paginação registrada é 101–128; PDF disponibilizado pelo coautor apresenta 101–130. Bibliografia usa registro; leitura localiza PDF. Sem nova inclusão. Complementa R5.
ARA-LIT-20260907-341-M3,2026-09-07T22:12:21.6876825Z,metadados de referência de conjectura,Crossref API,https://api.crossref.org/works/10.1080%2F10508406.2013.778204,consulta direta por DOI; campos bibliográficos,1,0,0,0,0,não aplicável,ARA-LIT-1,revisão-documental,Timestamp observado imediatamente antes da requisição. Crossref registra publicação online de 2013; capa do artigo e edição 23(1) são de 2014. BibTeX usa ano da edição. Sem nova inclusão. Complementa R6.
ARA-LIT-20260911-001,2026-09-11T06:01:50.923105Z,integridade e governança da pesquisa,Busca web integrada e fonte primária oficial,site.allea.org European Code Conduct Research Integrity 2023 reliability honesty respect accountability,domínio oficial na consulta; sem filtro temporal ou de idioma; mecanismo informou reformulação automática,não informado,0,1,0,1,nenhum (0),ARA-LIT-1,revisão-documental-20260911,"Página oficial da ALLEA e PDF da edição 2023 conferidos. Lidos preâmbulo, princípios e práticas (seções 1–2), não todos os anexos. Autoria, ano, DOI e ISBN conferidos no PDF. Inclusão normativa para responsabilidades, transparência e gestão de materiais de pesquisa; não definição universal de governança nem prova de eficácia do aplicativo. Horário do registro após as consultas; consulta registrada como enviada, sem reconstruir a reformulação interna do mecanismo."
ARA-LIT-20260911-002,2026-09-11T06:01:50.923105Z,supervisão humana na autoria assistida por IA,Busca web integrada e fonte primária oficial,site.microsoft.com research Guidelines Human AI Interaction Amershi 2019,domínio oficial na consulta; sem filtro temporal ou de idioma; mecanismo informou reformulação automática,não informado,0,1,0,0,nenhum (0),ARA-LIT-1,revisão-documental-20260911,"Página de publicação dos autores conferida: autoria, evento, resumo e avaliação das diretrizes. PDF localizado; leitura integral não declarada. Referência já presente, reafirmada para orientar interação, correção e controle humano; não demonstra eficácia do AraLearn. Horário do registro após as consultas; consulta registrada como enviada, sem reconstruir a reformulação interna do mecanismo."
ARA-LIT-20260911-003,2026-09-11T06:01:50.923105Z,agência humana e IA generativa em educação,Busca web integrada e fonte primária oficial,site.unesco.org guidance generative artificial intelligence education research 2023 human agency,domínio oficial na consulta; sem filtro temporal ou de idioma; mecanismo informou reformulação automática,não informado,0,1,0,0,nenhum (0),ARA-LIT-1,revisão-documental-20260911,"Página oficial da UNESCO conferida e registro do documento localizado. Síntese institucional sobre abordagem centrada na pessoa e validação ética e pedagógica lida; texto integral não obtido pelo serviço. Fonte já presente; acrescentado endereço oficial para acesso. Nenhum efeito educacional foi inferido. Horário do registro após as consultas; consulta registrada como enviada, sem reconstruir a reformulação interna do mecanismo."
ARA-LIT-20260911-004,2026-09-11T06:24:53.129639Z,literacia em IA,Busca web integrada (system1),"site.coe.int ""CM/Rec(2026)12"" ""literacy""",domínio oficial na consulta; sem filtro temporal ou idioma,0,0,0,0,0,nenhum (0),ARA-LIT-1,revisão-documental-20260911,Consulta executada pela revisão principal sem resultados. Não equivale a ausência da recomendação. Horário do registro após as consultas; instantes individuais não preservados.
ARA-LIT-20260911-005,2026-09-11T06:24:53.129639Z,literacia em IA,Busca web integrada (system2); fonte oficial e anexo primário,"""CM/Rec(2026)12""",sem filtro temporal ou idioma; abertura do registro oficial,não informado,0,1,1,1,nenhum (0),ARA-LIT-1,revisão-documental-20260911,"Resultados localizaram menção institucional e o registro https://search.coe.int/cm/eng?i=09125948802cde8e; página oficial dinâmica sem texto extraído. Texto primário fornecido CM_Rec(2026)12.pdf lido integralmente (10 páginas), incluindo apêndice. Conselho da Europa, recomendação de 2 de setembro de 2026; não é regulamento da União Europeia. Inclusão normativa coe2026ailiteracy; nenhum efeito do AraLearn inferido. Horário do registro após as consultas; instantes individuais não preservados."
ARA-LIT-20260911-006,2026-09-11T06:24:53.129639Z,supervisão humana e pesquisa em educação,Busca web integrada (system1); Ministério da Educação e anexo primário,"site.gov.br/mec ""Referencial"" ""Inteligência Artificial"" ""2026""",domínio oficial na consulta; sem filtro temporal ou idioma,não informado,0,1,0,1,nenhum (0),ARA-LIT-1,revisão-documental-20260911,"Consulta executada pela revisão principal localizou página oficial e https://www.gov.br/mec/pt-br/media/segape/referencial-oficial-pt.pdf; extração web impedida por captcha. No PDF primário fornecido foram lidos resumo executivo e trechos sobre supervisão humana e pós-graduação (pp. 15–18, 69–70, 175–180), não as 241 páginas. Inclusão mec2026iaeducacao; orientações institucionais não demonstram conformidade nem eficácia do produto. Horário do registro após as consultas; instantes individuais não preservados."
ARA-LIT-20260911-007,2026-09-11T06:24:53.129639Z,desenho de cursos e participação,Busca web integrada (system2); editora MDPI e Universidade de Lisboa,MOOCs Design A Conceptual Framework Continuous Teacher Training Portugal Ana Pedro,sem filtro temporal ou idioma; conteúdo primário,não informado,0,1,0,1,nenhum (0),ARA-LIT-1,revisão-documental-20260911,"Metadados e DOI 10.3390/educsci12050308 confirmados; texto primário lido focalmente no PDF https://mdpi-res.com/d_attachment/education/education-12-00308/article_deploy/education-12-00308.pdf?version=1651217827: resumo, métodos, resultados/discussão e conclusão (pp. 1 e 4–11). Apêndices não lidos integralmente. Inclusão amado2022moocsdesign para método e relações de design; apreciação de um quadro não é teste de eficácia nem avaliação da autoria generativa. Horário do registro após as consultas; instantes individuais não preservados."
ARA-LIT-20260911-008,2026-09-11T06:24:53.129639Z,IA e autorregulação,Busca web integrada (system2); periódico do Politécnico do Porto,Daniela Pedrosa autorregulação inteligência artificial revisão literatura,sem filtro temporal ou idioma; confirmação de autoria e fonte primária,não informado,0,1,0,1,nenhum (0),ARA-LIT-1,revisão-documental-20260911,"Metadados, DOI 10.34630/pel.v7i2.5823 e identidade da coautora Daniela Pedrosa confirmados na editora https://parc.ipp.pt/index.php/elearning/article/view/5823. Leitura focal do PDF /article/download/5823/3188/14232: resumo, enquadramento, método, discussão e conclusão (pp. 101 e 103–110); referências não avaliadas integralmente. Inclusão ferreira2024iaautorregulacao para relação entre estratégias, IA e desenho da investigação. Não é meta-análise nem prova de eficácia do AraLearn. Horário do registro após as consultas; instantes individuais não preservados."
ARA-LIT-20260911-009,2026-09-11T06:24:53.129639Z,localização inicial de estudos de autoria e autorregulação,Busca web integrada (system1),"""MOOCs Design"" ""Conceptual Framework"" ""Pedro"" || ""Daniela Pedrosa"" ""USO DA INTELIGÊNCIA ARTIFICIAL"" ""AUTORREGULAÇÃO"" || ""Redesigning initial teacher’s education practices with learning scenarios"" pdf",três consultas enviadas no mesmo lote; sem filtro temporal ou idioma,0,0,0,0,0,nenhum (0),ARA-LIT-1,revisão-documental-20260911,Lote retornou nenhum resultado útil; a localização prosseguiu no outro mecanismo. Não se inferiu ausência de estudos. Horário do registro após as consultas; instantes individuais não preservados.
ARA-LIT-20260911-010,2026-09-11T06:24:53.129639Z,cenários de aprendizagem e formação inicial,Portal de investigação da Universidade de Lisboa,https://researchportal.ulisboa.pt/pt/publications/redesigning-initial-teachers-education-practices-with-learning-sc/,abertura direta de candidato; resumo e metadados,1,0,1,0,0,candidato não incorporado após resumo; texto integral não avaliado,ARA-LIT-1,revisão-documental-20260911,"Resumo e metadados de Pedro, Piedade, Matos e Pedro (2019), DOI 10.1108/IJILT-11-2018-0131, conferidos. Texto integral não obtido. Estudo de caso e teoria da atividade identificados no resumo; não incorporado ao corpo analítico para manter recorte com dois estudos lidos em maior profundidade. Horário do registro após as consultas; instantes individuais não preservados."
ARA-LIT-20260911-011,2026-09-11T06:24:53.129639Z,confiança calibrada,Busca web integrada; SAGE e texto dos autores na Universidade de Iowa,"Lee See Trust in Automation 2004 pdf site.edu || Lee See 2004 trust automation calibration resolution pdf || ""lee2004"" ""trust"" pdf || ""Lee"" ""See"" ""Calibration"" ""2004"" ""edu"" || ""Trust in Automation: Designing for Appropriate Reliance"" ""People tend"" || site:user.engineering.uiowa.edu/~csl/publications/pdf/leesee04.pdf ""Calibration"" || site:user.engineering.uiowa.edu/~csl/publications/pdf/leesee04.pdf ""trust"" ""attitude"" || ""leesee04.pdf"" ""calibration"" || ""Trust in Automation"" ""Calibration refers""",consultas sucessivas system2; sem filtro temporal ou idioma; somente fonte primária usada,não informado,0,1,0,0,nenhum (0),ARA-LIT-1,revisão-documental-20260911,"SAGE confirmou referência existente lee2004trust; aberturas SAGE e PDF https://user.engineering.uiowa.edu/~csl/publications/pdf/leesee04.pdf falharam. O mecanismo recuperou trechos do próprio PDF sobre atitude de confiança, comportamento de dependência e calibração; leitura focal desses trechos, não integral. Cobertura conceitual restaurada sem transportar resultados ao AraLearn. Horário do registro após as consultas; instantes individuais não preservados."
ARA-LIT-20260911-012,2026-09-11T06:24:53.129639Z,viés de automação e inspeção,Busca web integrada (system2); repositório dos autores TU Berlin,Parasuraman Manzey Complacency Bias Human Use Automation 2010 pdf,sem filtro temporal ou idioma; fonte primária,não informado,0,1,0,0,nenhum (0),ARA-LIT-1,revisão-documental-20260911,"Referência existente parasuraman2010automation confirmada. Resumo e leitura focal do texto em https://depositonce.tu-berlin.de/bitstreams/cafd2873-814b-4c59-bab1-addd42e249d2/download: erros, mecanismos e síntese (pp. 392–396 e 402–406). Modelo cobre processos atencionais, não todas as formas de viés; aplicação à autoria é hipótese do projeto. Horário do registro após as consultas; instantes individuais não preservados."
ARA-LIT-20260911-013,2026-09-11T06:24:53.129639Z,informação e finalidades educacionais,Busca web integrada (system2); editora e reprodução de texto primário,site.upress.umn.edu postmodern condition Lyotard knowledge,sem filtro temporal ou idioma; metadados da editora e leitura focal da obra,não informado,0,1,0,1,nenhum (0),ARA-LIT-1,revisão-documental-20260911,"Edição1984 e ISBN confirmados em https://www.upress.umn.edu/9780816611737/the-postmodern-condition/. Texto primário conferido em https://www.ocopy.net/wp-content/uploads/2016/04/lyotard-jean-francois_the-postmodern-condition.-a-report-on-knowledge.pdf: introdução e recortes dos capítulos1 e12 (pp. xxiv–xxv,3–9,47–53), não leitura integral. Inclusão lyotard1984postmodern como lente crítica situada; sociedade hiperinformacional não foi atribuída como termo do autor. Horário do registro após as consultas; instantes individuais não preservados."
ARA-LIT-20260911-014,2026-09-11T06:24:53.129639Z,registro e relações de poder,Busca web integrada (system2); editora e reprodução de texto primário,Foucault Discipline Punish examination normalizing judgment publisher excerpt || Foucault discipline punish Vintage 1995 publisher,sem filtro temporal ou idioma; fonte primária e metadados da editora,não informado,0,1,0,1,nenhum (0),ARA-LIT-1,revisão-documental-20260911,"Edição1995 e ISBN confirmados em https://www.penguinrandomhouse.com/books/55026/discipline-and-punish-by-michel-foucault-and-alan-sheridan/. Reprodução da tradução de Alan Sheridan em https://selforganizedseminar.wordpress.com/wp-content/uploads/2012/08/foucault-panopticism.pdf lida focalmente: folha de rosto, sumário e recortes do panoptismo (pp.194–197 e226–228); reprodução não inclui folha de copyright para datar a impressão. Inclusão foucault1995discipline com edição bibliográfica da editora e localizador do capítulo; análise do AraLearn é aplicação crítica própria, não diagnóstico do autor sobre o aplicativo. Horário do registro após as consultas; instantes individuais não preservados."
ARA-LIT-20260911-015,2026-09-11T06:24:53.129639Z,localização complementar de fontes clássicas,Busca web integrada (system1),"""Trust in Automation"" ""Lee"" ""pdf"" || ""The Postmodern Condition"" ""pdf"" site.edu || ""Discipline and Punish"" ""pdf"" site.edu",três consultas em lote; mecanismo informou reformulações; sem filtro temporal ou idioma,não informado,0,0,0,0,nenhum (0),ARA-LIT-1,revisão-documental-20260911,"Resultados parcialmente irrelevantes; nenhuma inclusão atribuída a este lote. Leituras primárias aproveitadas estão descritas nos registros11–14; consultas exatas registradas como enviadas, sem reconstruir reformulação do mecanismo. Horário do registro após as consultas; instantes individuais não preservados."
ARA-LIT-20260911-016,2026-09-11T13:07:17.276507Z,estudo de caso qualitativo,Busca web integrada (system2); periódico The Qualitative Report,Baxter Jack 2008 qualitative case study methodology study design implementation novice researchers,sem filtro temporal; fonte primária,não informado,0,1,0,1,nenhum (0),ARA-LIT-1,auditoria-didática-20260911,"Resumo e metadados conferidos por auditor e coordenador em https://nsuworks.nova.edu/tqr/vol13/iss4/2/. PDF oficial indisponível na tentativa do auditor; não houve leitura integral. Inclusão baxter2008casestudy para situar caso, contexto, pergunta e fontes de dados; exemplos de aplicação ao AraLearn são propostos pelo projeto. Horário de registro após as consultas; instantes individuais não preservados."
ARA-LIT-20260911-017,2026-09-11T13:07:17.276507Z,proteção de dados e pesquisa,Busca web integrada (system1); Planalto; EUR-Lex; Diário da República,site.planalto.gov.br Lei 13709 2018 compilado art 4 II b fins exclusivamente acadêmicos || site.eur-lex.europa.eu 2016/679 artigo 89 investigação científica salvaguardas || site.diariodarepublica.pt lei 58 2019 artigo 31 investigação científica,três consultas em lote; mecanismo informou reformulações; fontes oficiais,não informado,0,3,0,0,nenhum (0),ARA-LIT-1,auditoria-didática-20260911,"Conferência focal dos trechos oficiais sobre LGPD art. 4º II b, RGPD art. 89º e Lei portuguesa 58/2019 art. 31º. Mantidas referências já presentes; sem nova inclusão bibliográfica. Não registrada como leitura integral dos diplomas. Horário de registro após as consultas; instantes individuais não preservados."
ARA-LIT-20260911-018,2026-09-11T13:14:17.211881Z,metadados de publicação e formação docente,Busca web integrada (system2); MDPI; Universidade de Lisboa,"site.mdpi.com/2227-7102/12/5/308 ""308"" ""MOOCs""",fonte primária; conferência de metadados,não informado,0,1,0,0,nenhum (0),ARA-LIT-1,auditoria-didática-20260911,"Abertura direta MDPI retornou 429; busca recuperou página editorial e registro institucional https://researchportal.ulisboa.pt/en/publications/moocs-design-a-conceptual-framework-for-continuous-teacher-traini/. Conferido que 308 é identificador do artigo, não página; corrigido campo eid e apresentação da referência existente amado2022moocsdesign. Nenhuma nova leitura integral ou inclusão. Horário de registro após consultas."
ARA-LIT-20260911-019,2026-09-11T13:25:10Z,prática de recuperação e baixa consequência,Springer; Educational Psychology Review,Abertura direta: https://link.springer.com/article/10.1007/s10648-020-09563-9,fonte conhecida; resumo e metadados,não se aplica,0,1,0,0,nenhum (0),ARA-LIT-1,auditoria-didática-20260911,Abertura direta repetida para conferir referência já presente sotola2021quizzes; não foi busca temática nem leitura integral. Baixa consequência pode incluir peso reduzido na nota; ausência de nota é uma escolha específica do AraLearn. Nenhuma inclusão bibliográfica. Horário aproximado da abertura; relógio conferido imediatamente depois.
